{
    "hmm": {
        "A": {
            "seven": {
                "seven": 0.093952100267153227, 
                "six": 0.14793654012324403, 
                "three": 0.047056858909115179, 
                "one": 0.11428226692629748, 
                "four": 0.19425325919705125, 
                "five": 0.051031261532391972, 
                "two": 0.35148771304474691
            }, 
            "six": {
                "seven": 0.51274604919094602, 
                "six": 0.07395317180100873, 
                "three": 0.068217736744414642, 
                "one": 0.020827182901920684, 
                "four": 0.089116584120308318, 
                "five": 0.15376703780795772, 
                "two": 0.08137223743344385
            }, 
            "three": {
                "seven": 0.065484520985038472, 
                "six": 0.082417912706152063, 
                "three": 0.057649954104028948, 
                "one": 0.11655368122612129, 
                "four": 0.21409919698281987, 
                "five": 0.29826658191157596, 
                "two": 0.1655281520842633
            }, 
            "one": {
                "seven": 0.17308541639166822, 
                "six": 0.042366377969857275, 
                "three": 0.13594469084517202, 
                "one": 0.15679079791443995, 
                "four": 0.15579260751589466, 
                "five": 0.050992937165399196, 
                "two": 0.2850271721975689
            }, 
            "four": {
                "seven": 0.079797786706009219, 
                "six": 0.21201912655181776, 
                "three": 0.028161020714463112, 
                "one": 0.073059907180363662, 
                "four": 0.09776557899904037, 
                "five": 0.25938795307519136, 
                "two": 0.24980862677311455
            }, 
            "five": {
                "seven": 0.12179744222593109, 
                "six": 0.27349137206369983, 
                "three": 0.17326468699988462, 
                "one": 0.11234338958023089, 
                "four": 0.19322991817917823, 
                "five": 0.029321762953617617, 
                "two": 0.096551427997457653
            }, 
            "two": {
                "seven": 0.2950241958708491, 
                "six": 0.047708203741725456, 
                "three": 0.0010853003091400582, 
                "one": 0.012465676912106153, 
                "four": 0.019897701553877864, 
                "five": 0.61884192004303429, 
                "two": 0.0049770015692670519
            }
        }, 
        "B": {
            "seven": {
                "11": 0.05647043041866992, 
                "10": 0.029964117055144859, 
                "13": 0.078651597902429995, 
                "12": 0.1788167598235185, 
                "15": 0.016096718569185375, 
                "14": 0.092581074604884891, 
                "1": 0.0057833428149926466, 
                "0": 0.0091439135590423905, 
                "3": 0.01506601023038457, 
                "2": 0.11920186436179438, 
                "5": 0.12603100553564855, 
                "4": 0.044972705397190116, 
                "7": 0.022040911191616778, 
                "6": 0.052005622257710708, 
                "9": 0.14078174015731848, 
                "8": 0.012392186120467922
            }, 
            "six": {
                "11": 0.20989651376402332, 
                "10": 0.013153930865122725, 
                "13": 0.026964185543968604, 
                "12": 0.00044087182264802296, 
                "15": 0.091682304526587141, 
                "14": 0.030347082937308523, 
                "1": 0.017692745096503919, 
                "0": 0.0038323186500675956, 
                "3": 0.19271031251785015, 
                "2": 0.0022805318623220906, 
                "5": 0.02452595551279118, 
                "4": 0.10288560486024585, 
                "7": 0.065424893512355642, 
                "6": 0.021269727255448085, 
                "9": 0.10266339969397542, 
                "8": 0.094229621578781841
            }, 
            "three": {
                "11": 0.040274334468890796, 
                "10": 0.029551345094379546, 
                "13": 0.18334006756455418, 
                "12": 0.078583790773295581, 
                "15": 0.046862510005305086, 
                "14": 0.013893845847056805, 
                "1": 0.29132989117780761, 
                "0": 0.050516732108059265, 
                "3": 0.029694302535427181, 
                "2": 0.0056605956893281371, 
                "5": 0.076428219022133273, 
                "4": 0.010816236123546886, 
                "7": 0.010771893391825332, 
                "6": 0.00032120922152599718, 
                "9": 0.11075314962936646, 
                "8": 0.021201877347497948
            }, 
            "one": {
                "11": 0.027134523594660204, 
                "10": 0.030353770613161375, 
                "13": 0.026516935915333148, 
                "12": 0.0086432174156384593, 
                "15": 0.08296866180303053, 
                "14": 0.15117929055584806, 
                "1": 0.030659487840024532, 
                "0": 0.11836321322217731, 
                "3": 0.16715159097807783, 
                "2": 0.062269775138824104, 
                "5": 0.048871778738431626, 
                "4": 0.011366436605523059, 
                "7": 0.012967542265528346, 
                "6": 0.048789474488785199, 
                "9": 0.10619822135723397, 
                "8": 0.066566079467722333
            }, 
            "four": {
                "11": 0.060315321551003283, 
                "10": 0.010996148668929374, 
                "13": 0.047950126362221519, 
                "12": 0.0084208790446944765, 
                "15": 0.051298868327720161, 
                "14": 0.18801534141131399, 
                "1": 0.0078482593943770777, 
                "0": 0.10924968895087404, 
                "3": 0.07518920547032365, 
                "2": 0.0091677803023035038, 
                "5": 0.00894610296818725, 
                "4": 0.093252115078262143, 
                "7": 0.11668861771511289, 
                "6": 0.1183399342515384, 
                "9": 0.093500331540058684, 
                "8": 0.00082127896307956189
            }, 
            "five": {
                "11": 0.025581015200479996, 
                "10": 0.027650806854643162, 
                "13": 0.086336946853348806, 
                "12": 0.0024484864472212394, 
                "15": 0.048910575962120298, 
                "14": 0.01555572206078288, 
                "1": 0.22141000056098065, 
                "0": 0.029555210759342553, 
                "3": 0.11138704177928581, 
                "2": 0.12182377244752286, 
                "5": 0.099636130875516621, 
                "4": 0.031263617128196544, 
                "7": 0.027184724033207829, 
                "6": 0.07631605776792566, 
                "9": 0.041957244056791777, 
                "8": 0.032982647212633394
            }, 
            "two": {
                "11": 0.015709395619978087, 
                "10": 0.010708016701532387, 
                "13": 0.083007363312971552, 
                "12": 0.10651018485492067, 
                "15": 0.00028457006126487641, 
                "14": 0.014066513776057011, 
                "1": 0.01535308167850037, 
                "0": 0.06961731676013716, 
                "3": 0.12281784659231215, 
                "2": 0.0018367103117647081, 
                "5": 0.22408815920008279, 
                "4": 0.07031478523316087, 
                "7": 0.024369128405017614, 
                "6": 0.060138024834201408, 
                "9": 0.098223998099031318, 
                "8": 0.082954904559066969
            }
        }, 
        "pi": {
            "seven": 0.071239620076615787, 
            "six": 0.10184517913792686, 
            "three": 0.32267388607563391, 
            "one": 0.16461630970451901,