{
    "hmm": {
        "A": {
            "four": {
                "four": 0.054160589462614116, 
                "six": 0.36193788371985036, 
                "out": 0.58390152681753549
            }, 
            "six": {
                "four": 0.19779399441911799, 
                "six": 0.71199009850465189, 
                "out": 0.090215907076230104
            }, 
            "out": {
                "four": 0.49195586853127982, 
                "six": 0.17384990501221326, 
                "out": 0.33419422645650687
            }
        }, 
        "B": {
            "four": {
                "11": 0.10310809399519351, 
                "10": 0.038332958169907672, 
                "13": 0.03162170842483969, 
                "12": 0.087653969182805602, 
                "15": 0.039789384037767946, 
                "14": 0.0011762787520093658, 
                "1": 0.11270792536248923, 
                "0": 0.028101978124378105, 
                "3": 0.0080103536300177407, 
                "2": 0.10192030063158986, 
                "5": 0.068906956386375964, 
                "4": 0.022479438677272343, 
                "7": 0.057479601409648584, 
                "6": 0.030022486628308816, 
                "9": 0.14937135393992645, 
                "8": 0.11931721264746901
            }, 
            "six": {
                "11": 0.0092196627829861395, 
                "10": 0.083223878530705439, 
                "13": 0.01011402216215049, 
                "12": 0.097959625743958764, 
                "15": 0.060919621877549769, 
                "14": 0.024974894454844524, 
                "1": 0.088091341320791383, 
                "0": 0.0088437709485764005, 
                "3": 0.054088897405949868, 
                "2": 0.034446257330492024, 
                "5": 0.045652916186826938, 
                "4": 0.060412830670870173, 
                "7": 0.033510558105821452, 
                "6": 0.10514820666368921, 
                "9": 0.14334259881104838, 
                "8": 0.14005091700373901
            }, 
            "out": {
                "11": 0.12015045007268933, 
                "10": 0.034761644466319158, 
                "13": 0.017932362169407166, 
                "12": 0.033169230092779493, 
                "15": 0.0021555836394641353, 
                "14": 0.23876586962377108, 
                "1": 0.1047330883431882, 
                "0": 0.0097508484976873613, 
                "3": 0.1359678793858056, 
                "2": 0.0046169840527042283, 
                "5": 0.042121037406315058, 
                "4": 0.040944605170277128, 
                "7": 0.043720827397127772, 
                "6": 0.10761369826991302, 
                "9": 0.058787315813367318, 
                "8": 0.0048085755991839323
            }
        }, 
        "pi": {
            "four": 0.30223457405012916, 
            "six": 0.33758135694023006, 
            "out": 0.36018406900964073
        }
    }
}